SourceLabel,SourcePosition,DestLabel,DestPosition,Volume
Reservoir,A1,FV,A1,50
Reservoir,A1,FV,A2,50
Reservoir,A1,FV,A3,50
Reservoir,A1,FV,A4,50
Reservoir,A1,FV,A6,50
Reservoir,A1,FV,A12,50
Reservoir,A1,FV,B1,50
Reservoir,A1,FV,B2,50
Reservoir,A1,FV,B3,50
Reservoir,A1,FV,B4,50
Reservoir,A1,FV,B6,50
Reservoir,A1,FV,B12,50
Reservoir,A1,FV,C1,50
Reservoir,A1,FV,C7,50
Reservoir,A1,FV,C11,50
Reservoir,A1,FV,D1,50
Reservoir,A1,FV,D2,50
Reservoir,A1,FV,D3,50
Reservoir,A1,FV,D7,50
Reservoir,A1,FV,D11,50
Reservoir,A1,FV,E1,50
Reservoir,A1,FV,E2,50
Reservoir,A1,FV,E3,50
Reservoir,A1,FV,E8,50
Reservoir,A1,FV,E10,50
Reservoir,A1,FV,F1,50
Reservoir,A1,FV,F8,50
Reservoir,A1,FV,F10,50
Reservoir,A1,FV,G1,50
Reservoir,A1,FV,G9,50
Reservoir,A1,FV,H1,50
Reservoir,A1,FV,H9,50
