folder,slug,bucket,candidate_tags,signals,status,contributed,target_skill
ptcl-1095-1,PTCL-1095-1,reagent-distribution,"purification,new:washing",modules=module_name; pipettes=_multi,nothing-new,-,family-reagent-distribution
bca_protein_assay,bca_protein_assay,protein-assay,"protein-assay,purification,serial-dilution,plate-reformatting",modules=heatershakermodulev1|temperature module gen2; pipettes=flex_8channel,nothing-new,-,family-protein-assay
macherey-nagel-nucleomag-virus,macherey-nagel-nucleomag-virus,bead-cleanup,"bead-cleanup,simple-transfer,new:washing",modules=magnetic module gen2; pipettes=_multi|_single,nothing-new,-,family-bead-cleanup-ampure
od-normalization-with-96-ch-pipette,od-normalization-with-96-ch-pipette,normalization,"pcr-setup,normalization,cell-seeding,simple-transfer,new:absorbance-read",modules=module_name|temperature module gen2|thermocyclermodulev2; pipettes=96-channel|flex_96channel,nothing-new,-,family-normalize-to-target
transient_transfection_of_a549cells_protocol_2,transient_transfection_of_A549cells_Protocol_2,cell-seeding,"pcr-setup,cell-seeding,plate-reformatting,simple-transfer,new:absorbance-read,new:blood-clinical",modules=heatershakermodulev1; pipettes=_single,out-of-scope,complex multi-reagent transfection mix preparation with incubation/mixing steps beyond simple seeding,family-cell-seeding
ptcl-1109,PTCL-1109,bead-cleanup,"bead-cleanup,purification,simple-transfer,new:washing",modules=heatershakermodulev1|magneticblockv1|temperature module gen2; pipettes=96channel|flex_96channel,nothing-new,-,family-bead-cleanup-ampure
006uv00000bemutyat_p2,006UV00000BEmuTYAT_p2,ngs-library-prep,"ngs-library-prep,pcr-setup,bead-cleanup,purification,simple-transfer,new:washing",-,nothing-new,-,family-ngs-library-prep
96-partial-tip-test,96-partial-tip-test,new-family-candidate,unclassified,pipettes=96-channel|flex_96channel,pending,-,
pacbio_kinnex_pcr,pacbio_kinnex_pcr,ngs-library-prep,"ngs-library-prep,pcr-setup,pooling,reagent-distribution,simple-transfer",modules=module_name; pipettes=_multi|_single,nothing-new,-,family-ngs-library-prep
blood,blood,plate-reformatting,"reagent-distribution,plate-reformatting,simple-transfer,new:blood-clinical",-,nothing-new,-,family-plate-reformatting
sci-lucif-assay3,sci-lucif-assay3,cell-seeding,"serial-dilution,cell-seeding,simple-transfer,new:absorbance-read,new:washing",pipettes=_multi,amended,"adds supernatant removal to waste, PBS wash cycle, and compound treatment dispensing with multi-liquid-class handling",family-cell-seeding
zymo_magbead_dna_ot2,Zymo_Magbead_DNA_OT2,bead-cleanup,"bead-cleanup,reagent-distribution,simple-transfer,new:washing",modules=heatershakermodulev1|magnetic module gen1|magnetic module gen2; pipettes=_multi,nothing-new,-,family-bead-cleanup-ampure
protein_quant_normal,protein_quant_normal,normalization,"protein-assay,normalization,new:absorbance-read",-,nothing-new,-,family-normalize-to-target
ptcl-1155-1,PTCl-1155-1,ngs-library-prep,"pcr-setup,bead-cleanup,purification,reagent-distribution,simple-transfer,new:washing",modules=heatershakermodulev1|magneticblockv1|temperaturemodulev2|thermocyclermodulev2,nothing-new,-,family-ngs-library-prep
lb-distribution-for-sterile-transfer,lb-distribution-for-sterile-transfer,reagent-distribution,"reagent-distribution,simple-transfer,new:colony-agar",modules=module_name; pipettes=_single,nothing-new,-,family-reagent-distribution
cherrypickingflex_v3,cherrypickingflex_v3,cherrypicking,"cherrypicking,reagent-distribution,simple-transfer",pipettes=_single,nothing-new,-,family-cherrypicking
evotips_96ch_2,evotips_96ch_2,purification,"purification,simple-transfer,new:washing",pipettes=96-channel,out-of-scope,requires direct plunger actuation and custom resin-tip adapters not in approved whitelist,family-purification
zymo-quick-dna-fecal-microbe-96-full-plate,zymo-quick-dna-fecal-microbe-96-full-plate,bead-cleanup,"pcr-setup,bead-cleanup,simple-transfer,new:washing",modules=magneticblockv1|module_name|thermocyclermodulev2; pipettes=96-channel|flex_96channel,nothing-new,-,family-bead-cleanup-ampure
cherrypicking-sick-kids,cherrypicking-sick-kids,cherrypicking,cherrypicking,modules=temperature module gen2; pipettes=_single,amended,adds in-tip dilution aspiration sequence and post-dispense destination mixing,family-cherrypicking
pcr_prep_part_2,pcr_prep_part_2,pcr-setup,"pcr-setup,reagent-distribution,simple-transfer",-,nothing-new,-,family-pcr-setup
colony-pcr-prep,colony-pcr-prep,pcr-setup,"pcr-setup,reagent-distribution,simple-transfer,new:colony-agar",modules=module_name; pipettes=_single,nothing-new,-,family-pcr-setup
3e0bef,3e0bef,bead-cleanup,"bead-cleanup,simple-transfer,new:washing",modules=magnetic module gen2; pipettes=_multi,nothing-new,-,family-bead-cleanup-ampure
zymo_quick-rna_flex_96-cells,Zymo_Quick-RNA_Flex_96-Cells,bead-cleanup,"bead-cleanup,reagent-distribution,simple-transfer,new:washing",modules=heatershakermodulev1|magneticblockv1|temperature module gen2; pipettes=flex_96channel,amended,adds lysis/DNase/neutralization steps and multiple distinct wash buffer roles to the bead workflow,family-bead-cleanup-ampure
wo-3308,WO-3308,serial-dilution,"serial-dilution,reagent-distribution,plate-reformatting",pipettes=_multi,nothing-new,-,family-serial-dilution
invitrogen_elisa_targetcapture,invitrogen_elisa_targetcapture,elisa,"elisa,purification,simple-transfer,new:absorbance-read,new:washing",modules=heatershakermodulev1|temperature module gen2; pipettes=flex_8channel,nothing-new,-,family-elisa
ulaval,ulaval,plate-reformatting,"plate-reformatting,simple-transfer",pipettes=_multi,nothing-new,-,family-plate-reformatting
idt-xgen-ez-48x,IDT-xGen-EZ-48x,ngs-library-prep,"ngs-library-prep,pcr-setup,reagent-distribution,new:washing",modules=flexstackermodulev1|heatershakermodulev1|temperature module gen2|thermocycler module gen2,nothing-new,-,family-ngs-library-prep
7062c9,7062c9,normalization,"normalization,simple-transfer",pipettes=_multi|_single,nothing-new,-,family-normalize-to-target
kapa-hyperprep-kit-for-ot2,KAPA-HyperPrep-Kit-for-OT2,ngs-library-prep,"ngs-library-prep,pcr-setup,bead-cleanup,new:washing",modules=magnetic module gen2|temperature module gen2|thermocycler module; pipettes=_multi,nothing-new,-,family-ngs-library-prep
dna_extraction_buffer_a,dna_extraction_buffer_a,reagent-distribution,"bead-cleanup,reagent-distribution,simple-transfer,new:washing",pipettes=_multi,nothing-new,-,family-reagent-distribution
hdq_dna_flex_96-bacteria,HDQ_DNA_Flex_96-Bacteria,bead-cleanup,"bead-cleanup,new:washing,new:blood-clinical",modules=heatershakermodulev1|magneticblockv1|temperature module gen2; pipettes=96channel|flex_96channel,nothing-new,-,family-bead-cleanup-ampure
protein_digest_lcms,protein_digest_lcms,protein-assay,"pcr-setup,purification,simple-transfer",modules=thermocycler module gen2; pipettes=flex_8channel,out-of-scope,"enzymatic digestion workflow with multi-step incubations and chemical treatments, not a colorimetric quantitation assay",family-protein-assay
broth_dispense,broth_dispense,reagent-distribution,"reagent-distribution,simple-transfer",pipettes=_multi,nothing-new,-,family-reagent-distribution
cell_viability_and_cytotoxicity_assay_a549_cells,cell_viability_and_cytotoxicity_assay_A549_cells,cell-seeding,"cell-seeding,reagent-distribution,simple-transfer,new:absorbance-read",modules=heatershakermodulev1; pipettes=_single,out-of-scope,downstream viability/cytotoxicity assay workflow requiring sequential reagent addition and heater-shaker incubation cycles,family-cell-seeding
zymo-quick-dna-fecal-microbe-96-partial-column,zymo-quick-dna-fecal-microbe-96-partial-column,bead-cleanup,"pcr-setup,bead-cleanup,reagent-distribution,simple-transfer,new:washing",modules=magneticblockv1|module_name|thermocyclermodulev2; pipettes=96-channel|flex_96channel,nothing-new,-,family-bead-cleanup-ampure
pcr-csv-16,pcr-csv-16,pcr-setup,"pcr-setup,reagent-distribution,simple-transfer",modules=temperature module gen2; pipettes=_multi|_single|flex_8channel,nothing-new,-,family-pcr-setup
rt_pcr_prep,RT_PCR_Prep,pcr-setup,"pcr-setup,reagent-distribution,simple-transfer,new:washing",pipettes=_single,nothing-new,-,family-pcr-setup
pcr_prep_part_1,pcr_prep_part_1,pcr-setup,"pcr-setup,reagent-distribution,simple-transfer",pipettes=_single,nothing-new,-,family-pcr-setup
illumina-dna-prep-48x,Illumina-DNA-Prep-48x,ngs-library-prep,"ngs-library-prep,pcr-setup,reagent-distribution,new:washing",-,nothing-new,-,family-ngs-library-prep
sci-amplex-red,sci-amplex-red,new-family-candidate,"new:absorbance-read,new:blood-clinical",modules=temperature module; pipettes=_single,pending,-,
custom-dilution-from-csv,custom-dilution-from-csv,normalization,"normalization,reagent-distribution,simple-transfer",-,nothing-new,-,family-normalize-to-target
c18_peptide_purification,c18_peptide_purification,purification,"purification,normalization",-,nothing-new,-,family-purification
quickr_2,quickr_2,plate-reformatting,plate-reformatting,pipettes=flex_96channel,nothing-new,-,family-plate-reformatting
cell_viability_and_cytotoxicity_assay_k562_cells,cell_viability_and_cytotoxicity_assay_K562_cells,cell-seeding,"cell-seeding,reagent-distribution,simple-transfer,new:absorbance-read,new:blood-clinical",modules=heatershakermodulev1; pipettes=_single,nothing-new,-,family-cell-seeding
customizable_serial_dilution_flex,customizable_serial_dilution_flex,serial-dilution,"serial-dilution,simple-transfer",pipettes=flex_8channel,nothing-new,-,family-serial-dilution
flowratevolumetestprotocol_v1,flowratevolumetestprotocol_v1,simple-transfer,simple-transfer,pipettes=_multi|_single,nothing-new,-,family-simple-transfer
dna-normalization-flex-pipettes,dna-normalization-flex-pipettes,normalization,"normalization,simple-transfer,new:absorbance-read",pipettes=flex_8channel,nothing-new,-,family-normalize-to-target
easypep_digest_tmt,easypep_digest_tmt,protein-assay,pcr-setup,modules=thermocycler module gen2; pipettes=flex_8channel,out-of-scope,"magnetic bead-based sample prep and TMT labeling workflow, distinct from plate-based colorimetric assays",family-protein-assay
blood-fix-transfer,blood-fix-transfer,simple-transfer,"simple-transfer,new:staining,new:blood-clinical",modules=heatershakermodulev1; pipettes=_single,nothing-new,-,family-simple-transfer
qiaseq-normalizer-workflow-a-48x,QIAseq-Normalizer-Workflow-A-48x,ngs-library-prep,"ngs-library-prep,pcr-setup,bead-cleanup,normalization,reagent-distribution,new:washing",-,nothing-new,-,family-ngs-library-prep
pierce-bradford-protein-assay,pierce-bradford-protein-assay,protein-assay,"protein-assay,plate-reformatting,simple-transfer,new:absorbance-read,new:blood-clinical",modules=heatershakermodulev1; pipettes=_single,nothing-new,-,family-protein-assay
kapahyperplus,kapahyperplus,ngs-library-prep,"ngs-library-prep,pcr-setup",modules=heatershakermodulev1|magneticblockv1|temperature module gen2|thermocycler module gen2; pipettes=flex_8channel,nothing-new,-,family-ngs-library-prep
020194-part1,020194-part1,simple-transfer,"simple-transfer,new:staining",modules=module_name; pipettes=_single,nothing-new,-,family-simple-transfer
protocol2_scale_biosciences_single_cell_met_large_kit,protocol2_Scale_Biosciences_single_cell_Met_large_kit,bead-cleanup,"pcr-setup,new:washing",modules=magneticblockv1|temperature module gen2|thermocycler module gen2; pipettes=_single|flex_8channel,nothing-new,-,family-bead-cleanup-ampure
qiaseq-fx-normalizer-workflow-b-48x,QIAseq-FX-Normalizer-Workflow-B-48x,ngs-library-prep,"ngs-library-prep,pcr-setup,bead-cleanup,normalization,reagent-distribution,new:washing",-,nothing-new,-,family-ngs-library-prep
opentrons_logo,opentrons_logo,simple-transfer,"reagent-distribution,simple-transfer",-,nothing-new,-,family-simple-transfer
normalization_with_csv,normalization_with_csv,normalization,"ngs-library-prep,normalization,plate-reformatting,simple-transfer",-,nothing-new,-,family-normalize-to-target
mn_rna_flex_multi,MN_RNA_Flex_Multi,bead-cleanup,"bead-cleanup,purification,reagent-distribution,new:washing",modules=heatershakermodulev1|magneticblockv1|temperature module gen2; pipettes=_multi|flex_8channel,nothing-new,-,family-bead-cleanup-ampure
sci-lucif-assay1,sci-lucif-assay1,cell-seeding,"cell-seeding,simple-transfer,new:absorbance-read,new:blood-clinical",pipettes=_multi,nothing-new,-,family-cell-seeding
macherey-nagel-nucleomag-clean-up,macherey-nagel-nucleomag-clean-up,bead-cleanup,"bead-cleanup,simple-transfer,new:washing",modules=magnetic module gen2; pipettes=_multi,nothing-new,-,family-bead-cleanup-ampure
pcr-prep,pcr-prep,pcr-setup,"pcr-setup,simple-transfer",modules=module_name; pipettes=_single,nothing-new,-,family-pcr-setup
cherrypicking_custom_csv,cherrypicking_custom_csv,cherrypicking,cherrypicking,-,nothing-new,-,family-cherrypicking
006uv00000bemutyat_p1,006UV00000BEmuTYAT_p1,ngs-library-prep,"ngs-library-prep,pcr-setup,bead-cleanup,simple-transfer,new:washing",-,nothing-new,-,family-ngs-library-prep
wsu-normalization-no-mix-draft,wsu-normalization-no-mix-draft,normalization,normalization,modules=temperature module gen2; pipettes=_single,nothing-new,-,family-normalize-to-target
ptcl-1112,PTCL-1112,ngs-library-prep,"ngs-library-prep,pcr-setup,bead-cleanup,reagent-distribution,simple-transfer,new:washing",-,nothing-new,-,family-ngs-library-prep
006uv00000bemutyat_p4,006UV00000BEmuTYAT_p4,ngs-library-prep,"ngs-library-prep,pcr-setup,bead-cleanup,simple-transfer,new:washing",-,nothing-new,-,family-ngs-library-prep
ligseq,ligseq,ngs-library-prep,"ngs-library-prep,pcr-setup,bead-cleanup",modules=heatershakermodulev1|module_name|temperature module gen2|thermocycler module gen2,nothing-new,-,family-ngs-library-prep
sci-lucif-assay4,sci-lucif-assay4,protein-assay,"elisa,cell-seeding,simple-transfer,new:absorbance-read,new:washing",pipettes=_multi,nothing-new,-,family-protein-assay
4082,4082,simple-transfer,simple-transfer,-,nothing-new,-,family-simple-transfer
ptcl-1018-5,PTCL-1018-5,bead-cleanup,"bead-cleanup,reagent-distribution,simple-transfer,new:washing",modules=magneticblockv1; pipettes=flex_8channel,nothing-new,-,family-bead-cleanup-ampure
020194-part2,020194-part2,cherrypicking,"simple-transfer,new:staining",modules=module_name; pipettes=_multi|_single,nothing-new,-,family-cherrypicking
rtp-96-ch-demo,rtp-96-ch-demo,bead-cleanup,"bead-cleanup,simple-transfer,new:washing",modules=magneticblockv1; pipettes=96-channel|flex_96channel,nothing-new,-,family-bead-cleanup-ampure
illumina-dna-prep-pcr-free,Illumina-DNA-Prep-PCR-Free,ngs-library-prep,"ngs-library-prep,pcr-setup,new:washing,new:blood-clinical",modules=heatershakermodulev1|magneticblockv1|temperature module gen2|thermocycler module gen2,nothing-new,-,family-ngs-library-prep
macherey-nagel-nucleomag-size-select,macherey-nagel-nucleomag-size-select,ngs-library-prep,"ngs-library-prep,bead-cleanup,simple-transfer,new:washing",modules=magnetic module gen2; pipettes=_multi,nothing-new,-,family-ngs-library-prep
00d445_1,00d445_1,reagent-distribution,"normalization,simple-transfer",pipettes=96channel|flex_96channel,nothing-new,-,family-reagent-distribution
dna-sample-normalization,dna-sample-normalization,normalization,"normalization,reagent-distribution,simple-transfer",modules=module_name; pipettes=_single,nothing-new,-,family-normalize-to-target
primer-dilution,primer-dilution,reagent-distribution,"reagent-distribution,simple-transfer",-,nothing-new,-,family-reagent-distribution
imac-by-ni-nta-magnetic-agarose-beads-on-flex-plate-preparation,imac-by-ni-nta-magnetic-agarose-beads-on-flex-plate-preparation,purification,"purification,reagent-distribution,new:washing,new:colony-agar",modules=heatershakermodulev1; pipettes=flex_8channel,new-skill,magnetic bead affinity purification with magnet rack separation & bead slurry distribution,family-bead-affinity-capture
ptcl-921-4,PTCL-921-4,ngs-library-prep,"ngs-library-prep,pcr-setup,new:washing",modules=magneticblockv1|temperature module gen2|thermocyclermodulev2; pipettes=flex_8channel,nothing-new,-,family-ngs-library-prep
qiaseq-mirna-48x,QIAseq-miRNA-48x,ngs-library-prep,"ngs-library-prep,pcr-setup,bead-cleanup,normalization,reagent-distribution",-,nothing-new,-,family-ngs-library-prep
staining,staining,elisa,"reagent-distribution,new:staining",pipettes=96channel|flex_96channel,out-of-scope,"adherent cell immunostaining/IF workflow, not plate-based ELISA immunoassay",family-elisa
immunoprecipitation-by-dynabeads-on-flex-96ch,immunoprecipitation-by-dynabeads-on-flex-96ch,bead-cleanup,"bead-cleanup,new:washing",modules=heatershakermodulev1|magneticblockv1|temperature module gen2; pipettes=96channel|flex_96channel,new-skill,"adds antibody binding phase, extended incubation variable, and protein-specific elution/heating step",family-bead-affinity-capture
bradford_protein_assay,bradford_protein_assay,protein-assay,"protein-assay,purification,serial-dilution,plate-reformatting",modules=heatershakermodulev1; pipettes=flex_8channel,nothing-new,-,family-protein-assay
dna_extraction_buffer_b,dna_extraction_buffer_b,reagent-distribution,"bead-cleanup,reagent-distribution,simple-transfer,new:washing",pipettes=_multi,nothing-new,-,family-reagent-distribution
invitrogen_elisa_signaldevelopment,invitrogen_elisa_signaldevelopment,elisa,"elisa,purification,simple-transfer,new:absorbance-read,new:washing",modules=heatershakermodulev1; pipettes=flex_8channel,nothing-new,-,family-elisa
twist-ef-2_0,Twist-EF-2_0,ngs-library-prep,"ngs-library-prep,pcr-setup,bead-cleanup,purification,reagent-distribution,simple-transfer",modules=magneticblockv1|temperature module gen2|thermocycler module gen2; pipettes=flex_8channel,nothing-new,-,family-ngs-library-prep
robo_pt2,robo_pt2,ngs-library-prep,"ngs-library-prep,pcr-setup,simple-transfer,new:washing",modules=magneticblockv1|temperature module gen2|thermocyclermodulev2; pipettes=flex_8channel,nothing-new,-,family-ngs-library-prep
illumina-dna-prep-24x-for-ot2,Illumina-DNA-Prep-24x-for-OT2,ngs-library-prep,"ngs-library-prep,pcr-setup,bead-cleanup,new:washing",modules=magnetic module gen2|temperature module gen2|thermocycler module; pipettes=_multi,nothing-new,-,family-ngs-library-prep
gsdx,gsdx,pcr-setup,reagent-distribution,modules=temperature module gen2; pipettes=_multi|_single,nothing-new,-,family-pcr-setup
zymo_magbead_dna_flex_multi-cells,Zymo_Magbead_DNA_Flex_Multi-Cells,bead-cleanup,"bead-cleanup,reagent-distribution,new:washing",modules=heatershakermodulev1|magneticblockv1|temperature module gen2; pipettes=_multi|flex_8channel,nothing-new,-,family-bead-cleanup-ampure
kapa-library-quant-48x,KAPA-Library-Quant-48x,pcr-setup,"ngs-library-prep,pcr-setup,reagent-distribution,plate-reformatting,new:washing",-,amended,"adds stepwise sample dilution, standard curve dispensing, and 96/384 format switching with multi-replicate volume splitting",family-pcr-setup
2bba96,2bba96,cherrypicking,"normalization,cherrypicking,reagent-distribution,simple-transfer",pipettes=_single,amended,adds buffer pre-fill phase and volume-threshold pipette selection logic,family-cherrypicking
immunoprecipitation-by-dynabeads-on-flex-reagents-in-15-ml-tubes,immunoprecipitation-by-dynabeads-on-flex-reagents-in-15-ml-tubes,bead-cleanup,"elisa,bead-cleanup,reagent-distribution,new:washing",modules=heatershakermodulev1|magneticblockv1|temperature module gen2; pipettes=flex_8channel,new-skill,affinity-capture workflow with antibody incubation step and conditional elution path,family-bead-affinity-capture
spri-beads-dna-extraction,spri-beads-dna-extraction,purification,"pcr-setup,bead-cleanup,new:washing",modules=heatershakermodulev1|magnetic module gen2; pipettes=_multi,nothing-new,-,family-purification
protein_quant,protein_quant,protein-assay,"protein-assay,normalization,new:absorbance-read",modules=absorbancereaderv1|heatershakermodulev1,nothing-new,-,family-protein-assay
ampure-xp-48x,AMPure-XP-48x,ngs-library-prep,"ngs-library-prep,pcr-setup,bead-cleanup,purification,reagent-distribution",-,nothing-new,-,family-ngs-library-prep
promega_cell_viability,promega_cell_viability,protein-assay,"cell-seeding,simple-transfer,new:absorbance-read",-,nothing-new,-,family-protein-assay
274d2a,274d2a,cherrypicking,"cherrypicking,cell-seeding,simple-transfer",pipettes=_multi|_single,nothing-new,-,family-cherrypicking
mn_dna_flex_multi-cells,MN_DNA_Flex_Multi-Cells,bead-cleanup,"bead-cleanup,purification,reagent-distribution,new:washing",modules=heatershakermodulev1|temperature module gen2; pipettes=_multi,nothing-new,-,family-bead-cleanup-ampure
evercode-whole-transcriptomewt-kit-parse-biosciences-protocol2,evercode-whole-transcriptomeWT-kit-Parse-Biosciences-protocol2,ngs-library-prep,"pcr-setup,bead-cleanup,purification,reagent-distribution,new:absorbance-read,new:washing",modules=heatershakermodulev1|magneticblockv1|temperature module gen2|thermocycler module gen2; pipettes=flex_8channel,nothing-new,-,family-ngs-library-prep
019d4d_2,019d4d_2,pooling,"normalization,pooling,simple-transfer",pipettes=_multi,amended,worklist-driven per-well distinct volumes for normalization and pooling,family-pooling
4084,4084,normalization,"reagent-distribution,simple-transfer",pipettes=_multi|flex_8channel,nothing-new,-,family-normalize-to-target
sigdx-pt2,sigdx-pt2,ngs-library-prep,"simple-transfer,new:washing",modules=magneticblockv1|temperature module gen2,nothing-new,-,family-ngs-library-prep
ptcl-1155-2,PTCL-1155-2,ngs-library-prep,"ngs-library-prep,pcr-setup,bead-cleanup,simple-transfer,new:washing",modules=magneticblockv1|temperaturemodulev2|thermocyclermodulev2,nothing-new,-,family-ngs-library-prep
takara_infusion_assembly_ot2,takara_infusion_assembly_ot2,pcr-setup,"pcr-setup,reagent-distribution",pipettes=_multi,nothing-new,-,family-pcr-setup
magnesil_rna_ot2,MagneSil_RNA_OT2,bead-cleanup,"pcr-setup,bead-cleanup,cell-seeding,reagent-distribution,simple-transfer,new:washing",modules=heatershakermodulev1|magnetic module gen1|magnetic module gen2|temperature module gen2; pipettes=_multi,amended,on-bead enzymatic treatment (DNase I digestion + neutralization) between wash cycles,family-bead-cleanup-ampure
6d901d-2,6d901d-2,cherrypicking,"normalization,cherrypicking,reagent-distribution,simple-transfer",pipettes=_multi,nothing-new,-,family-cherrypicking
hdq_dna_ot2-saliva,HDQ_DNA_OT2-Saliva,bead-cleanup,"bead-cleanup,simple-transfer,new:washing,new:blood-clinical",modules=heatershakermodulev1|magnetic module gen1|magnetic module gen2; pipettes=_multi,nothing-new,-,family-bead-cleanup-ampure
sci-omegabiotek-magbind,sci-omegabiotek-magbind,bead-cleanup,"bead-cleanup,purification,simple-transfer,new:washing,new:blood-clinical",modules=mag_gen|temperature module gen2; pipettes=_multi,nothing-new,-,family-bead-cleanup-ampure
4e4c0c,4e4c0c,reagent-distribution,"bead-cleanup,simple-transfer,new:washing",pipettes=_multi,nothing-new,-,family-reagent-distribution
easypep_cleanup,easypep_cleanup,new-family-candidate,new:washing,modules=heatershakermodulev1|magneticblockv1; pipettes=flex_8channel,pending,-,
robo_pt1,robo_pt1,ngs-library-prep,"ngs-library-prep,pcr-setup,simple-transfer,new:washing",modules=magneticblockv1|temperature module gen2|thermocyclermodulev2; pipettes=flex_8channel,nothing-new,-,family-ngs-library-prep
pcr-csv,pcr-csv,pcr-setup,"pcr-setup,reagent-distribution,simple-transfer",modules=temperature module gen2; pipettes=_multi|_single|flex_8channel,nothing-new,-,family-pcr-setup
ptcl-921-3,PTCL-921-3,ngs-library-prep,"ngs-library-prep,pcr-setup",modules=magneticblockv1|temperature module gen2|thermocyclermodulev2; pipettes=flex_8channel,nothing-new,-,family-ngs-library-prep
qrt-pcrsetup_from_csv_part1,qRT-PCRSetup_From_CSV_part1,normalization,"pcr-setup,normalization,reagent-distribution,simple-transfer",modules=temperature module gen2; pipettes=_single,nothing-new,-,family-normalize-to-target
pcr_amplification,pcr_amplification,pcr-setup,pcr-setup,pipettes=_single,nothing-new,-,family-pcr-setup
bca_assay,bca_assay,protein-assay,"protein-assay,simple-transfer,new:absorbance-read",-,nothing-new,-,family-protein-assay
cherry,cherry,cherrypicking,"cherrypicking,simple-transfer",pipettes=_multi,nothing-new,-,family-cherrypicking
sp3_sample_prep,sp3_sample_prep,bead-cleanup,bead-cleanup,-,new-skill,multi-step bead-bound chemical processing workflow with dual-bead-type mixing and sequential reagent incubations,family-bead-affinity-capture
sanger-seq-prep,sanger-seq-prep,pcr-setup,"pcr-setup,simple-transfer",modules=module_name; pipettes=_single,nothing-new,-,family-pcr-setup
idt-xgen-ez-24x-for-ot2,IDT-xGen-EZ-24x-for-OT2,ngs-library-prep,"ngs-library-prep,pcr-setup,bead-cleanup,new:washing",modules=magnetic module gen2|temperature module gen2|thermocycler module; pipettes=_multi,nothing-new,-,family-ngs-library-prep
uminn,uminn,ngs-library-prep,pcr-setup,modules=thermocyclermodulev2; pipettes=flex_96channel,nothing-new,-,family-ngs-library-prep
evercode-whole-transcriptomewt-kit-parse-biosciences-protocol1,evercode-whole-transcriptomeWT-kit-Parse-Biosciences-protocol1,ngs-library-prep,"pcr-setup,pooling,new:staining,new:washing",modules=temperature module gen2|thermocycler module gen2; pipettes=flex_8channel,nothing-new,-,family-ngs-library-prep
illumina-nextera-xt-library-prep-part1,illumina-nextera-xt-library-prep-part1,ngs-library-prep,"ngs-library-prep,pcr-setup,normalization,pooling,simple-transfer",pipettes=_multi|_single,nothing-new,-,family-ngs-library-prep
ptcl-1018-1,PTCL-1018-1,ngs-library-prep,"pcr-setup,simple-transfer",modules=temperaturemodulev2|thermocyclermodulev2; pipettes=flex_8channel,nothing-new,-,family-ngs-library-prep
ecoli-transformation-recovery,ecoli-transformation-recovery,cell-seeding,"reagent-distribution,simple-transfer",modules=module_name; pipettes=_single,out-of-scope,"bacterial transformation workflow requiring temperature control and mixing, outside mammalian cell seeding scope",family-cell-seeding
evercode-whole-transcriptomewt-kit-parse-biosciences-protocol3,evercode-whole-transcriptomeWT-kit-Parse-Biosciences-protocol3,ngs-library-prep,"ngs-library-prep,pcr-setup,bead-cleanup,purification,reagent-distribution,new:absorbance-read",modules=heatershakermodulev1|magneticblockv1|temperature module gen2|thermocycler module gen2; pipettes=flex_8channel,nothing-new,-,family-ngs-library-prep
ptcl-1018-2,PTCL-1018-2,pcr-setup,"pcr-setup,reagent-distribution,simple-transfer",modules=temperature module gen2|thermocyclermodulev2; pipettes=flex_8channel,nothing-new,-,family-pcr-setup
ptcl-969-pooling,ptcl-969-pooling,pooling,"ngs-library-prep,normalization,pooling,reagent-distribution,simple-transfer",pipettes=flex_8channel,nothing-new,-,family-pooling
cmu_colony_picking,cmu_colony_picking,cherrypicking,"simple-transfer,new:colony-agar",pipettes=_single,nothing-new,-,family-cherrypicking
transient_transfection_of_helacells_protocol_2,transient_transfection_of_HeLacells_Protocol_2,cell-seeding,"pcr-setup,cell-seeding,plate-reformatting,simple-transfer,new:absorbance-read,new:blood-clinical",modules=heatershakermodulev1; pipettes=_single,out-of-scope,"transient transfection workflow involving reagent complex preparation and post-dispense shaking, beyond simple cell seeding",family-cell-seeding
zymo-quick-dna-magbead-plus-kit,zymo-quick-dna-magbead-plus-kit,purification,"pcr-setup,bead-cleanup,simple-transfer,new:washing,new:blood-clinical",modules=magneticblockv1|temperature module gen2|thermocyclermodulev2; pipettes=96-channel|flex_96channel,nothing-new,-,family-purification
zymo_magbead_dna_flex_96-cells,Zymo_Magbead_DNA_Flex_96-Cells,bead-cleanup,"bead-cleanup,reagent-distribution,new:washing",modules=heatershakermodulev1|magneticblockv1|temperature module gen2; pipettes=96channel|flex_96channel,nothing-new,-,family-bead-cleanup-ampure
0000025894,0000025894,protein-assay,protein-assay,modules=heatershakermodulev1|temperature module gen2; pipettes=_single,nothing-new,-,family-protein-assay
macherey-nagel-nucleomag-rna,macherey-nagel-nucleomag-rna,bead-cleanup,"pcr-setup,bead-cleanup,simple-transfer,new:washing",modules=magnetic module gen2; pipettes=_multi|_single,nothing-new,-,family-bead-cleanup-ampure
cell_seeding_up_to_4,cell_seeding_up_to_4,cell-seeding,cell-seeding,pipettes=_single,nothing-new,-,family-cell-seeding
csv_transfer,csv_transfer,cherrypicking,"reagent-distribution,simple-transfer",pipettes=_single,nothing-new,-,family-cherrypicking
sci-neb-next-ultra,sci-neb-next-ultra,ngs-library-prep,"ngs-library-prep,pcr-setup,bead-cleanup,new:washing",modules=magnetic module gen2|temperature module gen2|thermocycler module; pipettes=_multi,nothing-new,-,family-ngs-library-prep
magmax_rna_flex_multi-cells,Magmax_RNA_Flex_Multi-Cells,bead-cleanup,"bead-cleanup,reagent-distribution,new:washing",modules=heatershakermodulev1|magneticblockv1|temperature module gen2; pipettes=_multi|flex_8channel,nothing-new,-,family-bead-cleanup-ampure
6d901d-1-2,6d901d-1-2,normalization,"ngs-library-prep,normalization,cherrypicking,plate-reformatting",pipettes=_multi,nothing-new,-,family-normalize-to-target
pacbio-sre-shearing,pacbio-sre-shearing,ngs-library-prep,"ngs-library-prep,bead-cleanup,reagent-distribution",modules=heatershakermodulev1|magneticblockv1; pipettes=flex_8channel,amended,high-cycle pipette shearing for mechanical DNA fragmentation and deep-well plate handling,family-ngs-library-prep
macherey-nagel-nucleomag-pathogen,macherey-nagel-nucleomag-pathogen,bead-cleanup,"bead-cleanup,purification,simple-transfer,new:washing",modules=magnetic module gen2; pipettes=_multi|_single,nothing-new,-,family-bead-cleanup-ampure
hdq_dna_ot2-cells,HDQ_DNA_OT2-Cells,bead-cleanup,"bead-cleanup,simple-transfer,new:washing,new:blood-clinical",modules=heatershakermodulev1|magnetic module gen1|magnetic module gen2; pipettes=_multi,nothing-new,-,family-bead-cleanup-ampure
pcr-normalization-csv,pcr-normalization-csv,pcr-setup,"pcr-setup,normalization,simple-transfer",modules=temperature module gen2|thermocyclermodulev2,nothing-new,-,family-pcr-setup
0000025894-2,0000025894-2,protein-assay,"protein-assay,purification",modules=heatershakermodulev1|temperature module gen2; pipettes=_single,out-of-scope,tube-based cell lysis & enzymatic digestion workflow with extensive manual pauses/sonication/centrifugation; not a plate-based colorimetric quantitation assay,family-protein-assay
zymo_quick-rna_flex_multi-cells,Zymo_Quick-RNA_Flex_Multi-Cells,bead-cleanup,"bead-cleanup,reagent-distribution,new:washing",modules=heatershakermodulev1|magneticblockv1|temperature module gen2; pipettes=_multi|flex_8channel,nothing-new,-,family-bead-cleanup-ampure
sci-omegabiotek-magbind-total-rna-96,sci-omegabiotek-magbind-total-rna-96,bead-cleanup,"bead-cleanup,purification,simple-transfer,new:washing,new:blood-clinical",modules=mag_gen|temperature module gen2; pipettes=_multi,nothing-new,-,family-bead-cleanup-ampure
forenseq_dna_signature_prep,forenseq_dna_signature_prep,ngs-library-prep,"pcr-setup,normalization,pooling,reagent-distribution,new:washing",modules=heatershakermodulev1|magneticblockv1|temperature module gen2|thermocycler module gen2,nothing-new,-,family-ngs-library-prep
sci-idt-xgen-mc,sci-idt-xgen-mc,ngs-library-prep,"ngs-library-prep,pcr-setup,bead-cleanup,new:washing",modules=magnetic module gen2|temperature module gen2|thermocycler module; pipettes=_multi,nothing-new,-,family-ngs-library-prep
flexflowratevolumetestprotocol_v3_csv,flexflowratevolumetestprotocol_v3_csv,simple-transfer,simple-transfer,modules=magne; pipettes=_multi|_single|flex_8channel,out-of-scope,pipette calibration test relying on unsupported flow-rate/offset/touch-tip tuning,family-simple-transfer
bca_peptide_assay,bca_peptide_assay,protein-assay,"protein-assay,serial-dilution,plate-reformatting",modules=heatershakermodulev1|temperature module gen2; pipettes=flex_8channel,nothing-new,-,family-protein-assay
sci-mag-bind-blood-tissue-kit,sci-mag-bind-blood-tissue-kit,bead-cleanup,"bead-cleanup,simple-transfer,new:washing,new:blood-clinical",modules=magdeck; pipettes=_multi,nothing-new,-,family-bead-cleanup-ampure
omega-bio-tek-mag-bind-environmental-dna-96,omega-bio-tek-mag-bind-environmental-dna-96,bead-cleanup,"bead-cleanup,purification,new:washing",modules=magnetic module gen2; pipettes=_multi,nothing-new,-,family-bead-cleanup-ampure
normalization,normalization,normalization,"normalization,plate-reformatting,simple-transfer",-,nothing-new,-,family-normalize-to-target
virus-counter,virus-counter,normalization,"cell-seeding,simple-transfer",pipettes=flex_8channel,nothing-new,-,family-normalize-to-target
illumina-stranded_total_rna_ribo-zero,Illumina-Stranded_total_RNA_Ribo-Zero,ngs-library-prep,"ngs-library-prep,pcr-setup,bead-cleanup,reagent-distribution,simple-transfer",modules=magneticblockv1|temperature module gen2|thermocycler module gen2; pipettes=flex_8channel,nothing-new,-,family-ngs-library-prep
pacbio-hifi-prep,pacbio-hifi-prep,ngs-library-prep,"ngs-library-prep,pcr-setup,bead-cleanup,simple-transfer",modules=magneticblockv1|temperature module gen2|thermocycler module gen2; pipettes=flex_8channel,nothing-new,-,family-ngs-library-prep
transient_transfection_of_helacells_protocol_1,transient_transfection_of_HeLacells_Protocol_1,cell-seeding,"cell-seeding,plate-reformatting,new:absorbance-read,new:washing",modules=heatershakermodulev1; pipettes=_single,nothing-new,-,family-cell-seeding
ptcl-1111,PTCL-1111,ngs-library-prep,"ngs-library-prep,bead-cleanup,reagent-distribution,simple-transfer,new:washing",pipettes=flex_8channel,nothing-new,-,family-ngs-library-prep
checkit,checkit,simple-transfer,simple-transfer,pipettes=_multi|_single,out-of-scope,volume accuracy testing protocol using unsupported blowout and manual cartridge flipping steps,family-simple-transfer
flexuniversaldemo,flexuniversaldemo,pcr-setup,"pcr-setup,cherrypicking,new:absorbance-read",modules=heatershakermodulev1|magneticblockv1|temperature module gen2|thermocyclermodulev2; pipettes=96-channel|flex_8channel|flex_96channel,out-of-scope,hardware demonstration protocol without defined biological workflow,family-pcr-setup
macherey-nagel-nucleomag-tissue,macherey-nagel-nucleomag-tissue,bead-cleanup,"bead-cleanup,simple-transfer,new:washing",modules=magnetic module gen2; pipettes=_multi|_single,nothing-new,-,family-bead-cleanup-ampure
plate_read_abs,plate_read_abs,new-family-candidate,new:absorbance-read,modules=absorbancereaderv1|heatershakermodulev1,pending,-,
mvl,mvl,reagent-distribution,bead-cleanup,modules=heatershakermodulev1; pipettes=flex_96channel,nothing-new,-,family-reagent-distribution
006uv00000bemutyat_p3,006UV00000BEmuTYAT_p3,ngs-library-prep,"ngs-library-prep,pcr-setup,bead-cleanup,simple-transfer,new:washing",-,nothing-new,-,family-ngs-library-prep
peptide_cleanup_lcms,peptide_cleanup_lcms,bead-cleanup,"pcr-setup,bead-cleanup,purification,simple-transfer,new:washing",modules=heatershakermodulev1|magneticblockv1|thermocycler module gen2; pipettes=flex_8channel,nothing-new,-,family-bead-cleanup-ampure
qiaseq-targeted-dna-pro-8x,QIAseq-Targeted-DNA-Pro-8x,ngs-library-prep,"ngs-library-prep,pcr-setup,normalization,reagent-distribution,new:washing",-,nothing-new,-,family-ngs-library-prep
sci-zymo-directzol-magbead,sci-zymo-directzol-magbead,bead-cleanup,"bead-cleanup,purification,simple-transfer",modules=mag_gen|temperature module gen2; pipettes=_multi,nothing-new,-,family-bead-cleanup-ampure
moclo-assembly-prep,moclo-assembly-prep,pcr-setup,"pcr-setup,simple-transfer",modules=module_name; pipettes=_single,nothing-new,-,family-pcr-setup
ptcl-1076-2,PTCL-1076-2,new-family-candidate,unclassified,modules=module_name; pipettes=_multi,pending,-,
0451f3,0451f3,bead-cleanup,"bead-cleanup,simple-transfer",modules=magnetic module gen2; pipettes=_multi,nothing-new,-,family-bead-cleanup-ampure
5b8174,5b8174,cherrypicking,"pcr-setup,cherrypicking,simple-transfer",modules=temperature module gen2; pipettes=_single,nothing-new,-,family-cherrypicking
pierce-bca-protein-assay-kit,pierce-bca-protein-assay-kit,protein-assay,"protein-assay,simple-transfer",modules=heatershakermodulev1; pipettes=_multi|_single,nothing-new,-,family-protein-assay
sci-lucif-assay2,sci-lucif-assay2,reagent-distribution,"pcr-setup,cell-seeding,simple-transfer,new:absorbance-read,new:blood-clinical",pipettes=_single,amended,partitioned multi-mix column distribution from tube rack sources,family-reagent-distribution
imac-by-ni-nta-magnetic-agarose-beads-on-flex,imac-by-ni-nta-magnetic-agarose-beads-on-flex,purification,"elisa,purification,reagent-distribution,simple-transfer,new:washing,new:colony-agar",modules=heatershakermodulev1|magneticblockv1|temperature module gen2; pipettes=flex_8channel,nothing-new,-,family-purification
ptcl-1015,PTCL-1015,pooling,"pooling,simple-transfer",-,nothing-new,-,family-pooling
ptcl-969-miseq-library-prep,ptcl-969-miseq-library-prep,ngs-library-prep,"ngs-library-prep,pcr-setup,reagent-distribution,plate-reformatting,simple-transfer",modules=heatershakermodulev1|temperaturemodulev2|thermocyclermodulev2; pipettes=96-channel|96channel|flex_96channel,nothing-new,-,family-ngs-library-prep
seqwell-expressplex-pooling,seqwell-expressplex-pooling,pooling,"ngs-library-prep,pcr-setup,bead-cleanup,pooling",modules=heatershakermodulev1,nothing-new,-,family-pooling
dna_transfection_up_to_4,dna_transfection_up_to_4,cell-seeding,"pcr-setup,cell-seeding,plate-reformatting,new:blood-clinical",pipettes=_single,nothing-new,-,family-cell-seeding
dinosaur,dinosaur,reagent-distribution,reagent-distribution,pipettes=_single,nothing-new,-,family-reagent-distribution
magmax_rna_flex_96-cells,Magmax_RNA_Flex_96-Cells,bead-cleanup,"bead-cleanup,reagent-distribution,simple-transfer,new:washing",modules=heatershakermodulev1|magneticblockv1|temperature module gen2; pipettes=96channel|flex_96channel,nothing-new,-,family-bead-cleanup-ampure
qiaseq-targeted-dna-pro-48x,QIAseq-Targeted-DNA-Pro-48x,ngs-library-prep,"ngs-library-prep,pcr-setup,normalization,reagent-distribution,new:washing",-,nothing-new,-,family-ngs-library-prep
invitrogen_elisa_captureabcoating,invitrogen_elisa_captureabcoating,elisa,"elisa,purification,new:absorbance-read,new:washing",modules=heatershakermodulev1|temperature module gen2; pipettes=flex_8channel,nothing-new,-,family-elisa
cherrypicking_custom_csv2,cherrypicking_custom_csv2,cherrypicking,cherrypicking,pipettes=_single,nothing-new,-,family-cherrypicking
scale_biosciences_single_cell_methylation_kit_large,scale_biosciences_single_cell_methylation_kit_large,ngs-library-prep,"ngs-library-prep,pcr-setup,new:staining,new:washing",modules=temperature module gen2|thermocycler module gen2; pipettes=_single|flex_8channel,out-of-scope,single-cell nuclei handling and bisulfite conversion rely on manual sorting/chemical steps outside standard plate-based liquid handling.,family-ngs-library-prep
sample-dil,sample-dil,reagent-distribution,reagent-distribution,modules=temperature module gen2; pipettes=96channel|flex_96channel,nothing-new,-,family-reagent-distribution
protein_normal,protein_normal,normalization,"protein-assay,normalization,new:absorbance-read",-,nothing-new,-,family-normalize-to-target
ptcl-1095-2,PTCL-1095-2,purification,"purification,new:washing",modules=module_name; pipettes=_multi,nothing-new,-,family-purification
illumina-dna-prep-96x,Illumina-DNA-Prep-96x,ngs-library-prep,"ngs-library-prep,pcr-setup,reagent-distribution,new:washing",-,nothing-new,-,family-ngs-library-prep
sigdx-no50,sigdx-no50,ngs-library-prep,"pcr-setup,bead-cleanup,new:washing",modules=temperature module gen2,nothing-new,-,family-ngs-library-prep
ptcl-1018-6,PTCL-1018-6,normalization,"pcr-setup,pooling,reagent-distribution",modules=temperaturemodulev2|thermocyclermodulev2; pipettes=flex_8channel,pending,-,family-normalize-to-target
sci-promega-magnesil-total-rna-mini-isolation-system,sci-promega-magnesil-total-rna-mini-isolation-system,bead-cleanup,"bead-cleanup,purification,simple-transfer,new:washing",modules=magdeck|temperature module gen2; pipettes=_multi,nothing-new,-,family-bead-cleanup-ampure
washes,washes,bead-cleanup,"bead-cleanup,new:washing",modules=heatershakermodulev1|magneticblockv1|temperature module gen2; pipettes=flex_96channel,nothing-new,-,family-bead-cleanup-ampure
micro-bio-id,micro-bio-ID,new-family-candidate,new:washing,modules=heatershakermodulev1|magneticblockv1; pipettes=flex_8channel,pending,-,
hdq_dna_flex_multi-cells,HDQ_DNA_Flex_Multi-Cells,bead-cleanup,"bead-cleanup,reagent-distribution,new:washing,new:blood-clinical",modules=heatershakermodulev1|magneticblockv1|temperature module gen2; pipettes=_multi|flex_8channel,nothing-new,-,family-bead-cleanup-ampure
normalization_with_csv_upload,normalization_with_csv_upload,normalization,"normalization,pooling,simple-transfer",-,nothing-new,-,family-normalize-to-target
072a8c,072a8c,simple-transfer,simple-transfer,pipettes=_single,nothing-new,-,family-simple-transfer
sci-phytip-protein-puri,sci-phytip-protein-puri,purification,"purification,new:washing",pipettes=_multi,nothing-new,-,family-purification
4e4c0c-airgap-full-volume,4e4c0c-airgap-full-volume,reagent-distribution,"bead-cleanup,simple-transfer,new:washing",pipettes=_multi,nothing-new,-,family-reagent-distribution
hdq_dna_flex_96-cells,HDQ_DNA_Flex_96-Cells,bead-cleanup,"bead-cleanup,reagent-distribution,new:washing,new:blood-clinical",modules=heatershakermodulev1|magneticblockv1|temperature module gen2; pipettes=96channel|flex_96channel,nothing-new,-,family-bead-cleanup-ampure
immunoprecipitation-by-dynabeads-on-flex,immunoprecipitation-by-dynabeads-on-flex,purification,"elisa,bead-cleanup,reagent-distribution,new:washing",modules=heatershakermodulev1|magneticblockv1|temperature module gen2; pipettes=flex_8channel,nothing-new,-,family-purification
ptcl-1018-3,PTCL-1018-3,bead-cleanup,"bead-cleanup,reagent-distribution,simple-transfer,new:washing",modules=magneticblockv1; pipettes=flex_8channel,nothing-new,-,family-bead-cleanup-ampure
restriction-enzyme-digest,restriction-enzyme-digest,pcr-setup,"pcr-setup,simple-transfer",modules=module_name; pipettes=_single,nothing-new,-,family-pcr-setup
qrt-pcrsetup_from_csv_part2,qRT-PCRSetup_From_CSV_part2,pcr-setup,"pcr-setup,normalization,cherrypicking,reagent-distribution,simple-transfer",modules=temperature module gen2; pipettes=_multi|_single,nothing-new,-,family-pcr-setup
dtpm_magna_gene,DTPM_MagNA_Gene,bead-cleanup,"pcr-setup,bead-cleanup,purification,new:washing",modules=heatershakermodulev1|magnetic module gen2|temperature module gen2; pipettes=_multi,nothing-new,-,family-bead-cleanup-ampure
pcr_amp_uminn,pcr_amp_uminn,bead-cleanup,"pcr-setup,bead-cleanup,new:washing",modules=magneticblockv1|temperature module gen2|thermocyclermodulev2; pipettes=flex_96channel,nothing-new,-,family-bead-cleanup-ampure
079db2,079db2,plate-reformatting,"reagent-distribution,plate-reformatting",pipettes=_single,nothing-new,-,family-plate-reformatting
ptcl-921-2,PTCL-921-2,ngs-library-prep,"ngs-library-prep,pcr-setup",modules=magneticblockv1|temperature module gen2|thermocyclermodulev2; pipettes=flex_8channel,nothing-new,-,family-ngs-library-prep
seqwell-expressplex-library-prep,seqwell-expressplex-library-prep,ngs-library-prep,"ngs-library-prep,pcr-setup,bead-cleanup,pooling,simple-transfer",modules=heatershakermodulev1; pipettes=96-channel|flex_96channel,nothing-new,-,family-ngs-library-prep
ptcl-921-1,PTCL-921-1,ngs-library-prep,"ngs-library-prep,pcr-setup,new:washing",modules=magneticblockv1|temperature module gen2|thermocyclermodulev2; pipettes=flex_8channel,nothing-new,-,family-ngs-library-prep
takara_infusion_assembly_flex,takara_infusion_assembly_flex,pcr-setup,"pcr-setup,plate-reformatting,simple-transfer",modules=temperature module gen2; pipettes=flex_8channel,nothing-new,-,family-pcr-setup
ptcl-1018-4,PTCL-1018-4,pcr-setup,"pcr-setup,reagent-distribution,simple-transfer",modules=temperature module gen2|thermocyclermodulev2; pipettes=flex_8channel,nothing-new,-,family-pcr-setup
wo36343,WO36343,normalization,"pcr-setup,normalization,reagent-distribution",modules=module_name|temperature module gen2,nothing-new,-,family-normalize-to-target
cherrypicking,cherrypicking,cherrypicking,"cherrypicking,reagent-distribution,simple-transfer",pipettes=_single,nothing-new,-,family-cherrypicking
bca_ms,bca_ms,new-family-candidate,new:absorbance-read,-,pending,-,
bc-rnadvance-viral,bc-rnadvance-viral,bead-cleanup,"bead-cleanup,simple-transfer,new:washing",modules=magnetic module gen2|temperature module gen2; pipettes=_multi,nothing-new,-,family-bead-cleanup-ampure
macherey-nagel-nucleomag-dna-food,macherey-nagel-nucleomag-dna-food,bead-cleanup,"bead-cleanup,simple-transfer,new:washing",modules=magnetic module gen2; pipettes=_multi|_single,nothing-new,-,family-bead-cleanup-ampure
71,71,bead-cleanup,"purification,new:washing,new:blood-clinical",modules=heatershakermodulev1|magneticblockv1|temperature module gen2; pipettes=flex_8channel,nothing-new,-,family-bead-cleanup-ampure
illumina-nextera-xt-library-prep-part2,illumina-nextera-xt-library-prep-part2,ngs-library-prep,"ngs-library-prep,bead-cleanup,normalization,pooling,reagent-distribution,simple-transfer,new:washing",modules=mag_gen,nothing-new,-,family-ngs-library-prep
3359a5,3359a5,cherrypicking,"cherrypicking,simple-transfer",pipettes=_single,nothing-new,-,family-cherrypicking
illumina-nextera-xt-library-prep-part3,illumina-nextera-XT-library-prep-part3,ngs-library-prep,"ngs-library-prep,normalization,pooling,reagent-distribution,simple-transfer,new:washing",modules=magdeck,nothing-new,-,family-ngs-library-prep
forenseq_dna_signature_prep_pt2,forenseq_dna_signature_prep_pt2,pooling,"pcr-setup,normalization,pooling,reagent-distribution,new:washing",modules=heatershakermodulev1|temperature module gen2|thermocycler module gen2; pipettes=flex_8channel,nothing-new,-,family-pooling
mn_dna_flex_96-cells,MN_DNA_Flex_96-Cells,bead-cleanup,"bead-cleanup,purification,reagent-distribution,new:washing",modules=heatershakermodulev1|magneticblockv1|temperature module gen2; pipettes=96channel|flex_96channel,nothing-new,-,family-bead-cleanup-ampure
macherey-nagel-nucleomag-dna-microbiome,macherey-nagel-nucleomag-dna-microbiome,bead-cleanup,"bead-cleanup,simple-transfer,new:washing",modules=magnetic module gen2; pipettes=_multi|_single,nothing-new,-,family-bead-cleanup-ampure
quickr_1,quickr_1,serial-dilution,plate-reformatting,pipettes=flex_96channel,out-of-scope,uses 96-channel (MCA96) head for fixed-volume assay layout on PCR plates rather than LiHa column-wise serial dilution,family-serial-dilution
sci-phytip-protein-a,sci-phytip-protein-A,purification,"purification,new:washing",pipettes=_multi,nothing-new,-,family-purification
illumina-nextera-xt-library-prep-part4,illumina-nextera-XT-library-prep-part4,pooling,"ngs-library-prep,normalization,pooling,simple-transfer",-,nothing-new,-,family-pooling
0000030070,0000030070,new-family-candidate,"new:washing,new:blood-clinical",modules=heatershakermodulev1|magnetic module gen2; pipettes=_multi,pending,-,
qiaseq-fx-48x,QIAseq-FX-48x,ngs-library-prep,"ngs-library-prep,pcr-setup,bead-cleanup,normalization,reagent-distribution",-,nothing-new,-,family-ngs-library-prep
ptcl-1076-1,PTCL-1076-1,cell-seeding,"cell-seeding,simple-transfer",modules=module_name; pipettes=_multi,nothing-new,-,family-cell-seeding
sci-zymo-quick-dna-rna-magbead,sci-zymo-quick-dna-rna-magbead,bead-cleanup,"bead-cleanup,purification,simple-transfer,new:washing",modules=magdeck|temperature module gen2; pipettes=_multi,nothing-new,-,family-bead-cleanup-ampure
magnesil,magnesil,bead-cleanup,"bead-cleanup,purification,simple-transfer,new:washing",modules=mag_model,nothing-new,-,family-bead-cleanup-ampure
flex-custom-parameters-cherrypicking,flex-custom-parameters-cherrypicking,cherrypicking,"cherrypicking,reagent-distribution,simple-transfer",-,nothing-new,-,family-cherrypicking
neoswitch_96-channel_ni-nta_protein_purification,neoSwitch_96-channel_Ni-NTA_protein_purification,bead-cleanup,"pcr-setup,purification,cell-seeding,reagent-distribution,simple-transfer,new:washing,new:colony-agar",modules=heatershakermodulev1|magneticblockv1|thermocyclermodulev2; pipettes=96-channel|flex_96channel,nothing-new,-,family-bead-cleanup-ampure
agar_plate_method_bacteria,agar_plate_method_bacteria,serial-dilution,"serial-dilution,cell-seeding,reagent-distribution,new:colony-agar",modules=heatershakermodulev1; pipettes=flex_8channel,out-of-scope,relies on custom tilt adapter and agar plate manipulation beyond standard liquid handling,family-serial-dilution
76c562,76c562,normalization,"normalization,cherrypicking,simple-transfer",pipettes=_single,nothing-new,-,family-normalize-to-target
illumina-mrna-stranded,illumina-mrna-stranded,ngs-library-prep,"ngs-library-prep,pcr-setup,bead-cleanup,purification,reagent-distribution,simple-transfer,new:washing",modules=magneticblockv1|temperature module gen2|thermocycler module gen2; pipettes=flex_8channel,nothing-new,-,family-ngs-library-prep
sci-macherey-nagel-nucleomag,sci-macherey-nagel-nucleomag,bead-cleanup,"bead-cleanup,simple-transfer,new:washing",modules=magnetic module gen2; pipettes=_multi,nothing-new,-,family-bead-cleanup-ampure
ml-normalization-cdna-library,ML-normalization-cdna-library,normalization,"normalization,simple-transfer",modules=temperature module gen2; pipettes=_multi|_single,amended,worklist-driven per-well normalization with conditional dual-pipette volume routing,family-normalize-to-target
bca_normalization_from_csv,BCA_Normalization_from_CSV,normalization,"pcr-setup,protein-assay,normalization,simple-transfer",-,amended,"worklist-driven per-well BCA-style normalization (buffer-first, sample-add, mix)",family-normalize-to-target
0000032117,0000032117,simple-transfer,simple-transfer,pipettes=_single,nothing-new,-,family-simple-transfer
sci-idt-normalase,sci-idt-normalase,pooling,"ngs-library-prep,pcr-setup,normalization,pooling",modules=magnetic module gen2|temperature module gen2|thermocycler module; pipettes=_multi|_single,amended,adds CSV/worklist-driven arbitrary source-to-destination pooling (picklist consolidation),family-pooling
illumina-dna-prep-32x-double-sided-size-selection,Illumina-DNA-Prep-32x-double-sided-size-selection,ngs-library-prep,"ngs-library-prep,pcr-setup,bead-cleanup,reagent-distribution,new:washing",-,nothing-new,-,family-ngs-library-prep
customizable_serial_dilution_ot2,customizable_serial_dilution_ot2,serial-dilution,"serial-dilution,simple-transfer",-,nothing-new,-,family-serial-dilution
bms-pcr,bms-pcr,pcr-setup,"pcr-setup,normalization,simple-transfer",modules=temperature module gen2|thermocyclermodulev2,nothing-new,-,family-pcr-setup
sci-omegabiotek-extraction-fa,sci-omegabiotek-extraction-fa,bead-cleanup,"bead-cleanup,simple-transfer,new:washing,new:blood-clinical",modules=mag_gen; pipettes=_multi,nothing-new,-,family-bead-cleanup-ampure
hdq_dna_flex_multi-bacteria,HDQ_DNA_Flex_Multi-Bacteria,bead-cleanup,"bead-cleanup,new:washing,new:blood-clinical",modules=heatershakermodulev1|magneticblockv1|temperature module gen2; pipettes=_multi|flex_8channel,nothing-new,-,family-bead-cleanup-ampure
4a0be6,4a0be6,reagent-distribution,"reagent-distribution,simple-transfer",-,amended,adds tube-rack destination labware role and sequential well-by-well distribution loop,family-reagent-distribution
